x_cm,C_final,B_bound,I_internal,E_epi
0,0.49793996,0.40636826,0.86471236,0.15305516
0.0055865922,0.49813077,0.40645834,0.86461699,0.15295658
0.011173184,0.49832176,0.40654847,0.86452154,0.15285804
0.016759777,0.49851293,0.40663864,0.86442598,0.1527595
0.022346369,0.49870428,0.40672887,0.8643303,0.15266099
0.027932961,0.49889582,0.40681914,0.8642345,0.15256248
0.033519553,0.49908754,0.40690946,0.86413858,0.15246398
0.039106145,0.49927944,0.40699983,0.86404253,0.15236549
0.044692737,0.49947152,0.40709024,0.86394635,0.15226701
0.05027933,0.49966378,0.4071807,0.86385005,0.15216854
0.055865922,0.49985623,0.40727122,0.86375363,0.15207009
0.061452514,0.50004886,0.40736177,0.86365707,0.15197164
0.067039106,0.50024168,0.40745238,0.8635604,0.1518732
0.072625698,0.50043467,0.40754304,0.86346359,0.15177477
0.078212291,0.50062786,0.40763374,0.86336666,0.15167634
0.083798883,0.50082122,0.40772449,0.8632696,0.15157793
0.089385475,0.50101477,0.40781529,0.86317241,0.15147953
0.094972067,0.5012085,0.40790614,0.8630751,0.15138114
0.10055866,0.50140242,0.40799703,0.86297766,0.15128275
0.10614525,0.50159653,0.40808797,0.86288009,0.15118438
0.11173184,0.50179081,0.40817896,0.86278239,0.15108601
0.11731844,0.50198529,0.40827,0.86268457,0.15098766
0.12290503,0.50217995,0.40836109,0.86258661,0.15088931
0.12849162,0.50237479,0.40845222,0.86248853,0.15079097
0.13407821,0.50256982,0.40854341,0.86239032,0.15069265
0.1396648,0.50276504,0.40863464,0.86229198,0.15059433
0.1452514,0.50296044,0.40872592,0.86219352,0.15049602
0.15083799,0.50315603,0.40881724,0.86209492,0.15039772
0.15642458,0.5033518,0.40890862,0.86199619,0.15029943
0.16201117,0.50354776,0.40900004,0.86189734,0.15020115
0.16759777,0.50374391,0.40909151,0.86179835,0.15010288
0.17318436,0.50394025,0.40918303,0.86169924,0.15000462
0.17877095,0.50413677,0.4092746,0.8616,0.14990637
0.18435754,0.50433349,0.40936622,0.86150062,0.14980812
0.18994413,0.50453038,0.40945788,0.86140112,0.14970989
0.19553073,0.50472747,0.40954959,0.86130149,0.14961167
0.20111732,0.50492475,0.40964136,0.86120172,0.14951345
0.20670391,0.50512221,0.40973316,0.86110183,0.14941525
0.2122905,0.50531987,0.40982502,0.86100181,0.14931705
0.21787709,0.50551771,0.40991693,0.86090165,0.14921887
0.22346369,0.50571574,0.41000888,0.86080137,0.14912069
0.22905028,0.50591396,0.41010088,0.86070095,0.14902252
0.23463687,0.50611237,0.41019293,0.8606004,0.14892437
0.24022346,0.50631098,0.41028503,0.86049972,0.14882622
0.24581006,0.50650977,0.41037718,0.86039891,0.14872808
0.25139665,0.50670875,0.41046937,0.86029797,0.14862995
0.25698324,0.50690792,0.41056161,0.8601969,0.14853183
0.26256983,0.50710728,0.41065391,0.8600957,0.14843372
0.26815642,0.50730684,0.41074624,0.85999436,0.14833562
0.27374302,0.50750658,0.41083863,0.85989289,0.14823754
0.27932961,0.50770652,0.41093107,0.85979129,0.14813946
0.2849162,0.50790665,0.41102355,0.85968956,0.14804139
0.29050279,0.50810697,0.41111609,0.8595877,0.14794332
0.29608939,0.50830748,0.41120867,0.8594857,0.14784527
0.30167598,0.50850818,0.4113013,0.85938357,0.14774723
0.30726257,0.50870908,0.41139398,0.85928131,0.1476492
0.31284916,0.50891017,0.4114867,0.85917891,0.14755118
0.31843575,0.50911145,0.41157948,0.85907638,0.14745317
0.32402235,0.50931293,0.4116723,0.85897372,0.14735517
0.32960894,0.5095146,0.41176517,0.85887093,0.14725717
0.33519553,0.50971646,0.4118581,0.858768,0.14715919
0.34078212,0.50991852,0.41195106,0.85866494,0.14706122
0.34636872,0.51012077,0.41204408,0.85856174,0.14696326
0.35195531,0.51032321,0.41213715,0.85845841,0.14686531
0.3575419,0.51052585,0.41223026,0.85835495,0.14676736
0.36312849,0.51072869,0.41232342,0.85825135,0.14666943
0.36871508,0.51093172,0.41241664,0.85814762,0.14657151
0.37430168,0.51113494,0.4125099,0.85804376,0.14647359
0.37988827,0.51133836,0.4126032,0.85793976,0.14637569
0.38547486,0.51154198,0.41269656,0.85783562,0.1462778
0.39106145,0.51174579,0.41278997,0.85773135,0.14617991
0.39664804,0.51194979,0.41288342,0.85762695,0.14608204
0.40223464,0.512154,0.41297692,0.85752241,0.14598418
0.40782123,0.5123584,0.41307048,0.85741773,0.14588633
0.41340782,0.512563,0.41316408,0.85731292,0.14578848
0.41899441,0.51276779,0.41325772,0.85720798,0.14569065
0.42458101,0.51297278,0.41335142,0.8571029,0.14559283
0.4301676,0.51317797,0.41344517,0.85699768,0.14549501
0.43575419,0.51338336,0.41353896,0.85689233,0.14539721
0.44134078,0.51358894,0.4136328,0.85678684,0.14529942
0.44692737,0.51379472,0.4137267,0.85668122,0.14520164
0.45251397,0.51400071,0.41382064,0.85657546,0.14510387
0.45810056,0.51420688,0.41391462,0.85646956,0.1450061
0.46368715,0.51441326,0.41400866,0.85636353,0.14490835
0.46927374,0.51461984,0.41410275,0.85625736,0.14481061
0.47486034,0.51482662,0.41419688,0.85615105,0.14471288
0.48044693,0.51503359,0.41429107,0.85604461,0.14461516
0.48603352,0.51524077,0.4143853,0.85593802,0.14451745
0.49162011,0.51544815,0.41447958,0.85583131,0.14441975
0.4972067,0.51565572,0.41457391,0.85572445,0.14432205
0.5027933,0.5158635,0.41466829,0.85561746,0.14422437
0.50837989,0.51607148,0.41476272,0.85551033,0.1441267
0.51396648,0.51627965,0.41485719,0.85540306,0.14402905
0.51955307,0.51648803,0.41495172,0.85529565,0.1439314
0.52513966,0.51669661,0.41504629,0.85518811,0.14383376
0.53072626,0.5169054,0.41514091,0.85508043,0.14373613
0.53631285,0.51711438,0.41523558,0.85497261,0.14363851
0.54189944,0.51732357,0.4153303,0.85486465,0.1435409
0.54748603,0.51753295,0.41542507,0.85475655,0.14344331
0.55307263,0.51774255,0.41551989,0.85464831,0.14334572
0.55865922,0.51795234,0.41561476,0.85453994,0.14324814
0.56424581,0.51816234,0.41570967,0.85443142,0.14315058
0.5698324,0.51837254,0.41580464,0.85432277,0.14305302
0.57541899,0.51858294,0.41589965,0.85421398,0.14295548
0.58100559,0.51879355,0.41599471,0.85410505,0.14285794
0.58659218,0.51900436,0.41608982,0.85399597,0.14276042
0.59217877,0.51921537,0.41618498,0.85388676,0.1426629
0.59776536,0.51942659,0.41628019,0.85377741,0.1425654
0.60335196,0.51963801,0.41637545,0.85366792,0.14246791
0.60893855,0.51984964,0.41647075,0.85355829,0.14237043
0.61452514,0.52006148,0.41656611,0.85344852,0.14227296
0.62011173,0.52027352,0.41666151,0.85333861,0.1421755
0.62569832,0.52048576,0.41675697,0.85322856,0.14207805
0.63128492,0.52069821,0.41685247,0.85311836,0.14198061
0.63687151,0.52091087,0.41694802,0.85300803,0.14188318
0.6424581,0.52112373,0.41704362,0.85289755,0.14178576
0.64804469,0.5213368,0.41713927,0.85278694,0.14168835
0.65363128,0.52155008,0.41723496,0.85267618,0.14159096
0.65921788,0.52176356,0.41733071,0.85256528,0.14149357
0.66480447,0.52197725,0.41742651,0.85245424,0.1413962
0.67039106,0.52219115,0.41752235,0.85234306,0.14129883
0.67597765,0.52240525,0.41761825,0.85223174,0.14120148
0.68156425,0.52261957,0.41771419,0.85212028,0.14110414
0.68715084,0.52283409,0.41781018,0.85200867,0.1410068
0.69273743,0.52304882,0.41790622,0.85189692,0.14090948
0.69832402,0.52326376,0.41800231,0.85178503,0.14081217
0.70391061,0.52347891,0.41809845,0.85167299,0.14071487
0.70949721,0.52369426,0.41819464,0.85156082,0.14061759
0.7150838,0.52390983,0.41829087,0.8514485,0.14052031
0.72067039,0.52412561,0.41838716,0.85133604,0.14042304
0.72625698,0.52434159,0.41848349,0.85122343,0.14032579
0.73184358,0.52455779,0.41857988,0.85111068,0.14022854
0.73743017,0.52477419,0.41867631,0.85099779,0.14013131
0.74301676,0.52499081,0.41877279,0.85088476,0.14003408
0.74860335,0.52520764,0.41886933,0.85077158,0.13993687
0.75418994,0.52542468,0.41896591,0.85065825,0.13983967
0.75977654,0.52564193,0.41906254,0.85054479,0.13974248
0.76536313,0.52585939,0.41915921,0.85043118,0.1396453
0.77094972,0.52607706,0.41925594,0.85031742,0.13954813
0.77653631,0.52629495,0.41935272,0.85020352,0.13945098
0.78212291,0.52651304,0.41944954,0.85008948,0.13935383
0.7877095,0.52673135,0.41954642,0.84997529,0.1392567
0.79329609,0.52694988,0.41964334,0.84986096,0.13915957
0.79888268,0.52716861,0.41974032,0.84974648,0.13906246
0.80446927,0.52738756,0.41983734,0.84963186,0.13896536
0.81005587,0.52760673,0.41993441,0.84951709,0.13886827
0.81564246,0.5278261,0.42003153,0.84940218,0.13877119
0.82122905,0.52804569,0.4201287,0.84928712,0.13867412
0.82681564,0.5282655,0.42022592,0.84917192,0.13857707
0.83240223,0.52848552,0.42032319,0.84905657,0.13848002
0.83798883,0.52870575,0.42042051,0.84894107,0.13838299
0.84357542,0.5289262,0.42051787,0.84882543,0.13828597
0.84916201,0.52914687,0.42061529,0.84870964,0.13818895
0.8547486,0.52936775,0.42071276,0.84859371,0.13809195
0.8603352,0.52958884,0.42081027,0.84847763,0.13799496
0.86592179,0.52981015,0.42090783,0.8483614,0.13789799
0.87150838,0.53003168,0.42100545,0.84824503,0.13780102
0.87709497,0.53025343,0.42110311,0.8481285,0.13770407
0.88268156,0.53047539,0.42120082,0.84801184,0.13760712
0.88826816,0.53069757,0.42129858,0.84789502,0.13751019
0.89385475,0.53091996,0.42139639,0.84777806,0.13741327
0.89944134,0.53114257,0.42149425,0.84766095,0.13731636
0.90502793,0.5313654,0.42159216,0.84754369,0.13721946
0.91061453,0.53158845,0.42169012,0.84742629,0.13712258
0.91620112,0.53181172,0.42178812,0.84730873,0.1370257
0.92178771,0.53203521,0.42188618,0.84719103,0.13692884
0.9273743,0.53225891,0.42198429,0.84707318,0.13683199
0.93296089,0.53248283,0.42208244,0.84695518,0.13673515
0.93854749,0.53270698,0.42218064,0.84683704,0.13663832
0.94413408,0.53293134,0.4222789,0.84671874,0.1365415
0.94972067,0.53315592,0.4223772,0.8466003,0.1364447
0.95530726,0.53338072,0.42247555,0.84648171,0.1363479
0.96089385,0.53360574,0.42257395,0.84636297,0.13625112
0.96648045,0.53383099,0.42267241,0.84624407,0.13615435
0.97206704,0.53405645,0.42277091,0.84612503,0.13605759
0.97765363,0.53428213,0.42286945,0.84600585,0.13596084
0.98324022,0.53450803,0.42296805,0.84588651,0.13586411
0.98882682,0.53473396,0.42306661,0.84576712,0.13576747
0.99441341,0.53495349,0.42316234,0.84565102,0.13567363
1,0.53495349,0.42316234,0.84565102,0.13567363
